code_site;nom_site;category_id;sports;start_date;end_date;adress;latitude;longitude;point_geo
GRP;Grand Palais;venue-olympic;Escrime (FEN), Taekwondo (TKW);2024-07-27;2024-08-10;;48,86616355;2,3125474;48.86616355, 2.3125474
CDM;Arena Champ de Mars;venue-olympic;Judo (JUD), Lutte (WRE);2024-07-27;2024-08-11;;48,8531;2,30252;48.8531, 2.30252
RGA;Stade Roland Garros;venue-olympic;Tennis (TEN), Boxe (BOX);2024-07-27;2024-08-10;;48,845968;2,253522;48.845968, 2.253522
TAH;Tahiti Teahupo'o;venue-olympic;Surf (SRF);2024-07-27;2024-07-30;;-17,86693;-149,25208;-17.86693, -149.25208
CDM;Arena Champ de Mars;venue-paralympic;Para Judo (JUD), Rugby fauteuil (WRU);2024-08-29;2024-09-07;;48,8531;2,30252;48.8531, 2.30252
NPA;Arena Paris Nord;venue-paralympic;Volleyball assis (VBS);2024-08-29;2024-09-07;;48,9721;2,5149;48.9721, 2.5149
DEF;Paris La Défense Arena;venue-paralympic;Para Natation (SWM);2024-08-29;2024-09-07;;48,8954;2,2294;48.8954, 2.2294
VN1;Stade nautique de Vaires-sur-Marne;venue-paralympic;Para Aviron (ROW), Para Canoë (CSP);2024-08-30;2024-09-08;;48,8623;2,6348;48.8623, 2.6348
CPL;Arena Porte de la Chapelle;venue-olympic;Badminton (BDM), Gymnastique rythmique (GRY);2024-07-27;2024-08-10;;48,8997292;2,3605141;48.8997292, 2.3605141
PDP;Parc des Princes;venue-olympic;Football (FBL);2024-07-24;2024-08-10;;48,84156974;2,253048697;48.84156974, 2.253048697
NAN;Stade de la Beaujoire;venue-olympic;Football (FBL);2024-07-24;2024-08-08;;47,25593494;-1,52469927;47.25593494, -1.52469927
LYO;Stade de Lyon;venue-olympic;Football (FBL);2024-07-24;2024-08-10;;45,76514165;4,98199275;45.76514165, 4.98199275
ALX;Pont Alexandre III;venue-paralympic;Para Triathlon (TRI);2024-09-01;2024-09-02;;48,8637;2,3134;48.8637, 2.3134
SP1;Arena Paris Sud 1;venue-olympic;Volley-ball (VVO);2024-07-27;2024-08-11;;48,832968;2,2840069;48.832968, 2.2840069
NPA;Arena Paris Nord;venue-olympic;Boxe (BOX), Pentathlon moderne (MDN);2024-08-08;2024-08-08;;48,9721;2,5149;48.9721, 2.5149
VN1;Stade nautique de Vaires-sur-Marne - bassin d'eau calme;venue-olympic;Aviron (ROW), Canoë-kayak sprint (CSP);2024-07-27;2024-08-10;;48,8623;2,6348;48.8623, 2.6348
STE;Stade Geoffroy-Guichard;venue-olympic;Football (FBL);2024-07-24;2024-08-10;;45,4607;4,3902;45.4607, 4.3902
TRO;Trocadéro;venue-paralympic;Athlétisme - marche (ATH), Cyclisme sur route - course sur route (CRD);2024-09-01;2024-09-07;;48,85972558;2,29221884;48.85972558, 2.29221884
SP4;Arena Paris Sud 4;venue-olympic;Tennis de table (TTE);2024-07-27;2024-08-10;;48,830184;2,289033;48.830184, 2.289033
EIF;Stade Tour Eiffel;venue-paralympic;Cécifoot (FBB);2024-09-01;2024-09-07;;48,85613;2,2978;48.85613, 2.2978
STA;Stade de France;venue-olympic;Athlétisme (ATH), Rugby à 7 (RU7);2024-07-24;2024-08-10;;48,924475;2,360127;48.924475, 2.360127
BOR;Stade de Bordeaux;venue-olympic;Football (FBL);2024-07-24;2024-08-10;;44.8974;-0.5616;44.8974, -0.5616
ELA;Colline d’Elancourt;venue-olympic;Cycling Mountain Bike (MTB);2024-07-28;2024-07-29;;48,78981063;1,9642379;48.78981063, 1.9642379
LIL;Stade Pierre Mauroy;venue-olympic;Basketball (BKB), Handball (HBL);2024-07-27;2024-08-11;;50,61190661;3,13047318;50.61190661, 3.13047318
NIC;Stade de Nice;venue-olympic;Football (FBL);2024-07-24;2024-08-10;;43,7051;7,1926;43.7051, 7.1926
MAM;Marina de Marseille;venue-olympic;Voile (SAL);2024-07-28 00:00:00;2024-08-10;;43,2661;5,3678;43.2661, 5.3678
SP4;Arena Paris Sud 4;venue-paralympic;Tennis de table para (TTE);2024-08-29;2024-09-07;;48,830184;2,289033;48.830184, 2.289033
SP6;Arena Paris Sud 6;venue-olympic;Handball (HBL), Haltérophilie (WLF);2024-07-25;2024-08-11;;48,829381;2,290865;48.829381, 2.290865
EIF;Stade Tour Eiffel;venue-olympic;Volley-ball de plage (VBV);2024-07-27;2024-08-10;;48,85613;2,2978;48.85613, 2.2978
TRO;Trocadéro;venue-olympic;Athlétisme marche (ATH), Cyclisme sur route - Course sur route (CRD);2024-08-01;2024-08-07;;48,85972558;2,29221884;48.85972558, 2.29221884
YDM;Stade Yves-du-Manoir;venue-olympic;Hockey (HOC);2024-07-27;2024-08-09;;48,92934371;2,24777122;48.92934371, 2.24777122
CPL;Arena Porte de la Chapelle;venue-paralympic;Para badminton (BDM), Para Haltérophilie (PWL);2024-08-29;2024-09-04;;48,8997292;2,3605141;48.8997292, 2.3605141
SP6;Arena Paris Sud 6;venue-paralympic;Goalball (GBL);2024-08-29;2024-09-05;;48,829381;2,290865;48.829381, 2.290865
LBO;Site d’escalade du Bourget;venue-olympic;Escalade (CLB);2024-08-05;2024-08-10;;48,93693402;2,41997931;48.93693402, 2.41997931
LGN;Golf National;venue-olympic;Golf (GLF);2024-09-01;2024-09-10;;48.7532;2.0758;48.7532, 2.0758
VE1;Vélodrome National de Saint-Quentin-en-Yvelines;venue-paralympic;Para Cyclisme sur piste (CTR);2024-08-29;2024-09-01;;48,78800979;2.03498269;48.78800979, 2.03498269
VER;Château de Versailles;venue-olympic;Sports équestres - dressage (EDR), Sports équestres - concours complet (EVE), Sports équestres - saut d'obstacles (EJP), Pentathlon moderne (MPN);2024-07-27;2024-08-11;;48.81432266;2.08452588;48.81432266, 2.08452588
VE1;Vélodrome National de Saint-Quentin-en-Yvelines;venue-olympic;Cyclisme sur piste (CTR);2024-08-05;2024-08-11;;48,78800979;2.03498269;48.78800979, 2.03498269
VER;Château de Versailles;venue-paralympic;Para Equitation (EQU);2024-09-03;2024-09-07;;48.81432266;2.08452588;48.81432266, 2.08452588
DEF;Paris La Défense Arena;venue-olympic;Natation (SWM), Water-polo (WPO);2024-07-27;2024-08-11;;48,8954;2,2294;48.8954, 2.2294
VE2;Stade BMX de Saint-Quentin-en-Yvelines;venue-olympic;BMX Racing (BMX);2024-09-01;2024-09-02;;48,78800979;2.03498269;48.78800979, 2.03498269
CTX;Centre national de tir de Châteauroux;venue-olympic;Tir (SHO);2024-07-27;2024-08-05;;46,8157;1,7582;46.8157, 1.7582
CTX;Centre national de tir de Châteauroux;venue-paralympic;Para Tir Sportif (SHO);2024-08-30;2024-09-05;;46,8157;1,7582;46.8157, 1.7582
LC1;La Concorde 1;venue-olympic;Basketball 3x3 (BK3), Breaking (BKG);2024-07-30;2024-08-10;;48,86640642;2,32119515;48.86640642, 2.32119515
LC2;La Concorde 2;venue-olympic;BMX freestyle (BMF);2024-07-30;2024-07-31;;48,86504456;2,32119516;48.86504456, 2.32119516
LC3;La Concorde 3;venue-olympic;Skateboard - Street (SKB);2024-07-27;2024-07-28;;48,86486788;2,32139191;48.86486788, 2.32139191
LC4;La Concorde 4;venue-olympic;Skateboard - Park (SKB);2024-08-06;2024-08-07;;48,86573765;2,3220383;48.86573765, 2.3220383
ALX;PontAlexandre III;venue-olympic;Athlétisme marathon (ATH);2024-08-10;2024-08-11;;48,8563881;2,35222203;48.8563881, 2.35222203
HDV;Hôtel de Ville;venue-olympic;Canoë-kayak slalom (CSL);2024-07-27;2024-08-05;;48,8623;2,6348;48.8623, 2.6348
AQC;Centre Aquatique;venue-olympic;Football (FBL);2024-07-24;2024-08-10;;43,2698;5.3959;43.2698, 5.3959
VN2;Stade nautique de Vaires-sur-Marne - stade d'eau vive;venue-olympic;Escrime fauteuil (WFE), Para Taekwondo (TKW);2024-08-29;2024-09-04;;48,86616355;2,3125474;48.86616355, 2.3125474
MRS;Stade de Marseille;venue-olympic;Tennis fauteuil (WTE);2024-08-30;2024-09-07;;48,845968;2,253522;48.845968, 2.253522
GRP;Grand Palais;venue-paralympic;Para Tir à l'arc (ARC), Para-athlétisme (marathon paralympique) (ATH);2024-08-29;2024-09-08;;48,85704803;2,312835932;48.85704803, 2.312835932
RGA;Stade Roland Garros;venue-paralympic;Boccia (BOC);2024-08-29;2024-09-05;;48,832968;2,2840069;48.832968, 2.2840069
INV;Invalides;venue-paralympic;Basketball fauteuil (WBK);2024-08-29;2024-09-08;;48,83863;2,378597;48.83863, 2.378597
SP1;Arena Paris Sud 1;venue-paralympic;Para Athlétisme (ATH);2024-08-30;2024-09-07;;48,924475;2,360127;48.924475, 2.360127
BCY;Arena Bercy;venue-paralympic;;;;;;;
STA;Stade de France;venue-paralympic;;;;;;;
